{
  "hints": [],
  "groups": [
    {
      "sourceType": "com.marcosbarbero.lab.sec.oauth.jwt.config.props.SecurityProperties",
      "name": "security",
      "type": "com.marcosbarbero.lab.sec.oauth.jwt.config.props.SecurityProperties"
    },
    {
      "sourceType": "com.marcosbarbero.lab.sec.oauth.jwt.config.props.SecurityProperties",
      "name": "security.jwt",
      "sourceMethod": "getJwt()",
      "type": "com.marcosbarbero.lab.sec.oauth.jwt.config.props.SecurityProperties$JwtProperties"
    }
  ],
  "properties": [
    {
      "sourceType": "com.marcosbarbero.lab.sec.oauth.jwt.config.props.SecurityProperties$JwtProperties",
      "name": "security.jwt.key-pair-alias",
      "type": "java.lang.String"
    },
    {
      "sourceType": "com.marcosbarbero.lab.sec.oauth.jwt.config.props.SecurityProperties$JwtProperties",
      "name": "security.jwt.key-pair-password",
      "type": "java.lang.String"
    },
    {
      "sourceType": "com.marcosbarbero.lab.sec.oauth.jwt.config.props.SecurityProperties$JwtProperties",
      "name": "security.jwt.key-store",
      "type": "org.springframework.core.io.Resource"
    },
    {
      "sourceType": "com.marcosbarbero.lab.sec.oauth.jwt.config.props.SecurityProperties$JwtProperties",
      "name": "security.jwt.key-store-password",
      "type": "java.lang.String"
    }
  ]
}